Image,Method,Metric,Value
./assets/standard_test_images/astronaut.png,benchmark_custom,CC,0.9946599872553602
./assets/standard_test_images/astronaut.png,benchmark,CC,0.9946599872553602
./assets/standard_test_images/astronaut.png,bicubic,CC,0.9946599872553602
./assets/standard_test_images/astronaut.png,dlr,CC,0.9941583307793961
./assets/standard_test_images/astronaut.png,lanczos,CC,0.9946599872553602
./assets/standard_test_images/astronaut.png,linear,CC,0.9946599872553602
./assets/standard_test_images/astronaut.png,nearest,CC,0.9946599872553602
./assets/standard_test_images/astronaut.png,benchmark_custom,LMSE,39.51374053955078
./assets/standard_test_images/astronaut.png,benchmark,LMSE,39.51374053955078
./assets/standard_test_images/astronaut.png,bicubic,LMSE,39.51374053955078
./assets/standard_test_images/astronaut.png,dlr,LMSE,86.85003280639648
./assets/standard_test_images/astronaut.png,lanczos,LMSE,39.51374053955078
./assets/standard_test_images/astronaut.png,linear,LMSE,39.51374053955078
./assets/standard_test_images/astronaut.png,nearest,LMSE,39.51374053955078
./assets/standard_test_images/astronaut.png,benchmark_custom,MSE,83.24668884277344
./assets/standard_test_images/astronaut.png,benchmark,MSE,83.24668884277344
./assets/standard_test_images/astronaut.png,bicubic,MSE,83.24668884277344
./assets/standard_test_images/astronaut.png,dlr,MSE,89.04696655273438
./assets/standard_test_images/astronaut.png,lanczos,MSE,83.24668884277344
./assets/standard_test_images/astronaut.png,linear,MSE,83.24668884277344
./assets/standard_test_images/astronaut.png,nearest,MSE,83.24668884277344
./assets/standard_test_images/astronaut.png,benchmark_custom,NAE,0.044786541300221326
./assets/standard_test_images/astronaut.png,benchmark,NAE,0.044786541300221326
./assets/standard_test_images/astronaut.png,bicubic,NAE,0.044786541300221326
./assets/standard_test_images/astronaut.png,dlr,NAE,0.04556120476696676
./assets/standard_test_images/astronaut.png,lanczos,NAE,0.044786541300221326
./assets/standard_test_images/astronaut.png,linear,NAE,0.044786541300221326
./assets/standard_test_images/astronaut.png,nearest,NAE,0.044786541300221326
./assets/standard_test_images/astronaut.png,benchmark_custom,PSNR,28.927133925143043
./assets/standard_test_images/astronaut.png,benchmark,PSNR,28.927133925143043
./assets/standard_test_images/astronaut.png,bicubic,PSNR,28.927133925143043
./assets/standard_test_images/astronaut.png,dlr,PSNR,28.63461231362276
./assets/standard_test_images/astronaut.png,lanczos,PSNR,28.927133925143043
./assets/standard_test_images/astronaut.png,linear,PSNR,28.927133925143043
./assets/standard_test_images/astronaut.png,nearest,PSNR,28.927133925143043
./assets/standard_test_images/astronaut.png,benchmark_custom,RE,0.1594586437950192
./assets/standard_test_images/astronaut.png,benchmark,RE,0.1594586437950192
./assets/standard_test_images/astronaut.png,bicubic,RE,0.1594586437950192
./assets/standard_test_images/astronaut.png,dlr,RE,0.16860232221344465
./assets/standard_test_images/astronaut.png,lanczos,RE,0.1594586437950192
./assets/standard_test_images/astronaut.png,linear,RE,0.1594586437950192
./assets/standard_test_images/astronaut.png,nearest,RE,0.1594586437950192
./assets/standard_test_images/astronaut.png,benchmark_custom,SSIM,0.9672567038775596
./assets/standard_test_images/astronaut.png,benchmark,SSIM,0.9672567038775596
./assets/standard_test_images/astronaut.png,bicubic,SSIM,0.9672567038775596
./assets/standard_test_images/astronaut.png,dlr,SSIM,0.9646534181256776
./assets/standard_test_images/astronaut.png,lanczos,SSIM,0.9672567038775596
./assets/standard_test_images/astronaut.png,linear,SSIM,0.9672567038775596
./assets/standard_test_images/astronaut.png,nearest,SSIM,0.9672567038775596
./assets/standard_test_images/brick.png,benchmark_custom,CC,1.0
./assets/standard_test_images/brick.png,benchmark,CC,1.0
./assets/standard_test_images/brick.png,bicubic,CC,1.0
./assets/standard_test_images/brick.png,dlr,CC,0.9991408608452403
./assets/standard_test_images/brick.png,lanczos,CC,1.0
./assets/standard_test_images/brick.png,linear,CC,1.0
./assets/standard_test_images/brick.png,nearest,CC,1.0
./assets/standard_test_images/brick.png,benchmark_custom,LMSE,0.0
./assets/standard_test_images/brick.png,benchmark,LMSE,0.0
./assets/standard_test_images/brick.png,bicubic,LMSE,0.0
./assets/standard_test_images/brick.png,dlr,LMSE,8.361007690429688
./assets/standard_test_images/brick.png,lanczos,LMSE,0.0
./assets/standard_test_images/brick.png,linear,LMSE,0.0
./assets/standard_test_images/brick.png,nearest,LMSE,0.0
./assets/standard_test_images/brick.png,benchmark_custom,MSE,0.0
./assets/standard_test_images/brick.png,benchmark,MSE,0.0
./assets/standard_test_images/brick.png,bicubic,MSE,0.0
./assets/standard_test_images/brick.png,dlr,MSE,1.1659965515136719
./assets/standard_test_images/brick.png,lanczos,MSE,0.0
./assets/standard_test_images/brick.png,linear,MSE,0.0
./assets/standard_test_images/brick.png,nearest,MSE,0.0
./assets/standard_test_images/brick.png,benchmark_custom,NAE,0.0
./assets/standard_test_images/brick.png,benchmark,NAE,0.0
./assets/standard_test_images/brick.png,bicubic,NAE,0.0
./assets/standard_test_images/brick.png,dlr,NAE,0.0006291808843874392
./assets/standard_test_images/brick.png,lanczos,NAE,0.0
./assets/standard_test_images/brick.png,linear,NAE,0.0
./assets/standard_test_images/brick.png,nearest,NAE,0.0
./assets/standard_test_images/brick.png,benchmark_custom,PSNR,361.20199909921956
./assets/standard_test_images/brick.png,benchmark,PSNR,361.20199909921956
./assets/standard_test_images/brick.png,bicubic,PSNR,361.20199909921956
./assets/standard_test_images/brick.png,dlr,PSNR,47.46383094888138
./assets/standard_test_images/brick.png,lanczos,PSNR,361.20199909921956
./assets/standard_test_images/brick.png,linear,PSNR,361.20199909921956
./assets/standard_test_images/brick.png,nearest,PSNR,361.20199909921956
./assets/standard_test_images/brick.png,benchmark_custom,RE,0.0
./assets/standard_test_images/brick.png,benchmark,RE,0.0
./assets/standard_test_images/brick.png,bicubic,RE,0.0
./assets/standard_test_images/brick.png,dlr,RE,0.015359878767936302
./assets/standard_test_images/brick.png,lanczos,RE,0.0
./assets/standard_test_images/brick.png,linear,RE,0.0
./assets/standard_test_images/brick.png,nearest,RE,0.0
./assets/standard_test_images/brick.png,benchmark_custom,SSIM,1.0
./assets/standard_test_images/brick.png,benchmark,SSIM,1.0
./assets/standard_test_images/brick.png,bicubic,SSIM,1.0
./assets/standard_test_images/brick.png,dlr,SSIM,0.9988286008908941
./assets/standard_test_images/brick.png,lanczos,SSIM,1.0
./assets/standard_test_images/brick.png,linear,SSIM,1.0
./assets/standard_test_images/brick.png,nearest,SSIM,1.0
./assets/standard_test_images/camera.png,benchmark_custom,CC,1.0
./assets/standard_test_images/camera.png,benchmark,CC,1.0
./assets/standard_test_images/camera.png,bicubic,CC,1.0
./assets/standard_test_images/camera.png,dlr,CC,0.9996838460314786
./assets/standard_test_images/camera.png,lanczos,CC,1.0
./assets/standard_test_images/camera.png,linear,CC,1.0
./assets/standard_test_images/camera.png,nearest,CC,1.0
./assets/standard_test_images/camera.png,benchmark_custom,LMSE,0.0
./assets/standard_test_images/camera.png,benchmark,LMSE,0.0
./assets/standard_test_images/camera.png,bicubic,LMSE,0.0
./assets/standard_test_images/camera.png,dlr,LMSE,44.03496551513672
./assets/standard_test_images/camera.png,lanczos,LMSE,0.0
./assets/standard_test_images/camera.png,linear,LMSE,0.0
./assets/standard_test_images/camera.png,nearest,LMSE,0.0
./assets/standard_test_images/camera.png,benchmark_custom,MSE,0.0
./assets/standard_test_images/camera.png,benchmark,MSE,0.0
./assets/standard_test_images/camera.png,bicubic,MSE,0.0
./assets/standard_test_images/camera.png,dlr,MSE,3.429492950439453
./assets/standard_test_images/camera.png,lanczos,MSE,0.0
./assets/standard_test_images/camera.png,linear,MSE,0.0
./assets/standard_test_images/camera.png,nearest,MSE,0.0
./assets/standard_test_images/camera.png,benchmark_custom,NAE,0.0
./assets/standard_test_images/camera.png,benchmark,NAE,0.0
./assets/standard_test_images/camera.png,bicubic,NAE,0.0
./assets/standard_test_images/camera.png,dlr,NAE,0.001029276735280682
./assets/standard_test_images/camera.png,lanczos,NAE,0.0
./assets/standard_test_images/camera.png,linear,NAE,0.0
./assets/standard_test_images/camera.png,nearest,NAE,0.0
./assets/standard_test_images/camera.png,benchmark_custom,PSNR,361.20199909921956
./assets/standard_test_images/camera.png,benchmark,PSNR,361.20199909921956
./assets/standard_test_images/camera.png,bicubic,PSNR,361.20199909921956
./assets/standard_test_images/camera.png,dlr,PSNR,42.77850446394907
./assets/standard_test_images/camera.png,lanczos,PSNR,361.20199909921956
./assets/standard_test_images/camera.png,linear,PSNR,361.20199909921956
./assets/standard_test_images/camera.png,nearest,PSNR,361.20199909921956
./assets/standard_test_images/camera.png,benchmark_custom,RE,0.0
./assets/standard_test_images/camera.png,benchmark,RE,0.0
./assets/standard_test_images/camera.png,bicubic,RE,0.0
./assets/standard_test_images/camera.png,dlr,RE,0.016585918360440162
./assets/standard_test_images/camera.png,lanczos,RE,0.0
./assets/standard_test_images/camera.png,linear,RE,0.0
./assets/standard_test_images/camera.png,nearest,RE,0.0
./assets/standard_test_images/camera.png,benchmark_custom,SSIM,1.0
./assets/standard_test_images/camera.png,benchmark,SSIM,1.0
./assets/standard_test_images/camera.png,bicubic,SSIM,1.0
./assets/standard_test_images/camera.png,dlr,SSIM,0.9953078657259484
./assets/standard_test_images/camera.png,lanczos,SSIM,1.0
./assets/standard_test_images/camera.png,linear,SSIM,1.0
./assets/standard_test_images/camera.png,nearest,SSIM,1.0
./assets/standard_test_images/cell.png,benchmark_custom,CC,0.9999999999999999
./assets/standard_test_images/cell.png,benchmark,CC,0.9999999999999999
./assets/standard_test_images/cell.png,bicubic,CC,0.9999999999999999
./assets/standard_test_images/cell.png,dlr,CC,0.9999719871386956
./assets/standard_test_images/cell.png,lanczos,CC,0.9999999999999999
./assets/standard_test_images/cell.png,linear,CC,0.9999999999999999
./assets/standard_test_images/cell.png,nearest,CC,0.9999999999999999
./assets/standard_test_images/cell.png,benchmark_custom,LMSE,0.0
./assets/standard_test_images/cell.png,benchmark,LMSE,0.0
./assets/standard_test_images/cell.png,bicubic,LMSE,0.0
./assets/standard_test_images/cell.png,dlr,LMSE,0.23195316804407715
./assets/standard_test_images/cell.png,lanczos,LMSE,0.0
./assets/standard_test_images/cell.png,linear,LMSE,0.0
./assets/standard_test_images/cell.png,nearest,LMSE,0.0
./assets/standard_test_images/cell.png,benchmark_custom,MSE,0.0
./assets/standard_test_images/cell.png,benchmark,MSE,0.0
./assets/standard_test_images/cell.png,bicubic,MSE,0.0
./assets/standard_test_images/cell.png,dlr,MSE,0.03198071625344353
./assets/standard_test_images/cell.png,lanczos,MSE,0.0
./assets/standard_test_images/cell.png,linear,MSE,0.0
./assets/standard_test_images/cell.png,nearest,MSE,0.0
./assets/standard_test_images/cell.png,benchmark_custom,NAE,0.0
./assets/standard_test_images/cell.png,benchmark,NAE,0.0
./assets/standard_test_images/cell.png,bicubic,NAE,0.0
./assets/standard_test_images/cell.png,dlr,NAE,0.00017531595177347996
./assets/standard_test_images/cell.png,lanczos,NAE,0.0
./assets/standard_test_images/cell.png,linear,NAE,0.0
./assets/standard_test_images/cell.png,nearest,NAE,0.0
./assets/standard_test_images/cell.png,benchmark_custom,PSNR,361.20199909921956
./assets/standard_test_images/cell.png,benchmark,PSNR,361.20199909921956
./assets/standard_test_images/cell.png,bicubic,PSNR,361.20199909921956
./assets/standard_test_images/cell.png,dlr,PSNR,63.08192174708638
./assets/standard_test_images/cell.png,lanczos,PSNR,361.20199909921956
./assets/standard_test_images/cell.png,linear,PSNR,361.20199909921956
./assets/standard_test_images/cell.png,nearest,PSNR,361.20199909921956
./assets/standard_test_images/cell.png,benchmark_custom,RE,0.0
./assets/standard_test_images/cell.png,benchmark,RE,0.0
./assets/standard_test_images/cell.png,bicubic,RE,0.0
./assets/standard_test_images/cell.png,dlr,RE,0.015306562134851327
./assets/standard_test_images/cell.png,lanczos,RE,0.0
./assets/standard_test_images/cell.png,linear,RE,0.0
./assets/standard_test_images/cell.png,nearest,RE,0.0
./assets/standard_test_images/cell.png,benchmark_custom,SSIM,1.0
./assets/standard_test_images/cell.png,benchmark,SSIM,1.0
./assets/standard_test_images/cell.png,bicubic,SSIM,1.0
./assets/standard_test_images/cell.png,dlr,SSIM,0.9998078780013742
./assets/standard_test_images/cell.png,lanczos,SSIM,1.0
./assets/standard_test_images/cell.png,linear,SSIM,1.0
./assets/standard_test_images/cell.png,nearest,SSIM,1.0
./assets/standard_test_images/chelsea.png,benchmark_custom,CC,0.9982122003429639
./assets/standard_test_images/chelsea.png,benchmark,CC,0.9982122003429639
./assets/standard_test_images/chelsea.png,bicubic,CC,0.9982122003429639
./assets/standard_test_images/chelsea.png,dlr,CC,0.996625098025575
./assets/standard_test_images/chelsea.png,lanczos,CC,0.9982122003429639
./assets/standard_test_images/chelsea.png,linear,CC,0.9982122003429639
./assets/standard_test_images/chelsea.png,nearest,CC,0.9982122003429639
./assets/standard_test_images/chelsea.png,benchmark_custom,LMSE,11.239334811529934
./assets/standard_test_images/chelsea.png,benchmark,LMSE,11.239334811529934
./assets/standard_test_images/chelsea.png,bicubic,LMSE,11.239334811529934
./assets/standard_test_images/chelsea.png,dlr,LMSE,45.7709903917221
./assets/standard_test_images/chelsea.png,lanczos,LMSE,11.239334811529934
./assets/standard_test_images/chelsea.png,linear,LMSE,11.239334811529934
./assets/standard_test_images/chelsea.png,nearest,LMSE,11.239334811529934
./assets/standard_test_images/chelsea.png,benchmark_custom,MSE,12.521966001478196
./assets/standard_test_images/chelsea.png,benchmark,MSE,12.521966001478196
./assets/standard_test_images/chelsea.png,bicubic,MSE,12.521966001478196
./assets/standard_test_images/chelsea.png,dlr,MSE,15.806733185513673
./assets/standard_test_images/chelsea.png,lanczos,MSE,12.521966001478196
./assets/standard_test_images/chelsea.png,linear,MSE,12.521966001478196
./assets/standard_test_images/chelsea.png,nearest,MSE,12.521966001478196
./assets/standard_test_images/chelsea.png,benchmark_custom,NAE,0.024480624378323556
./assets/standard_test_images/chelsea.png,benchmark,NAE,0.024480624378323556
./assets/standard_test_images/chelsea.png,bicubic,NAE,0.024480624378323556
./assets/standard_test_images/chelsea.png,dlr,NAE,0.025549791100944515
./assets/standard_test_images/chelsea.png,lanczos,NAE,0.024480624378323556
./assets/standard_test_images/chelsea.png,linear,NAE,0.024480624378323556
./assets/standard_test_images/chelsea.png,nearest,NAE,0.024480624378323556
./assets/standard_test_images/chelsea.png,benchmark_custom,PSNR,37.15407840574735
./assets/standard_test_images/chelsea.png,benchmark,PSNR,37.15407840574735
./assets/standard_test_images/chelsea.png,bicubic,PSNR,37.15407840574735
./assets/standard_test_images/chelsea.png,dlr,PSNR,36.14238238317351
./assets/standard_test_images/chelsea.png,lanczos,PSNR,37.15407840574735
./assets/standard_test_images/chelsea.png,linear,PSNR,37.15407840574735
./assets/standard_test_images/chelsea.png,nearest,PSNR,37.15407840574735
./assets/standard_test_images/chelsea.png,benchmark_custom,RE,0.0353674795839621
./assets/standard_test_images/chelsea.png,benchmark,RE,0.0353674795839621
./assets/standard_test_images/chelsea.png,bicubic,RE,0.0353674795839621
./assets/standard_test_images/chelsea.png,dlr,RE,0.05378168824985954
./assets/standard_test_images/chelsea.png,lanczos,RE,0.0353674795839621
./assets/standard_test_images/chelsea.png,linear,RE,0.0353674795839621
./assets/standard_test_images/chelsea.png,nearest,RE,0.0353674795839621
./assets/standard_test_images/chelsea.png,benchmark_custom,SSIM,0.9953881714117807
./assets/standard_test_images/chelsea.png,benchmark,SSIM,0.9953881714117807
./assets/standard_test_images/chelsea.png,bicubic,SSIM,0.9953881714117807
./assets/standard_test_images/chelsea.png,dlr,SSIM,0.9883208663018036
./assets/standard_test_images/chelsea.png,lanczos,SSIM,0.9953881714117807
./assets/standard_test_images/chelsea.png,linear,SSIM,0.9953881714117807
./assets/standard_test_images/chelsea.png,nearest,SSIM,0.9953881714117807
./assets/standard_test_images/chessboard_GRAY.png,benchmark_custom,CC,0.9999999999999999
./assets/standard_test_images/chessboard_GRAY.png,benchmark,CC,0.9999999999999999
./assets/standard_test_images/chessboard_GRAY.png,bicubic,CC,0.9999999999999999
./assets/standard_test_images/chessboard_GRAY.png,dlr,CC,0.9996055301983234
./assets/standard_test_images/chessboard_GRAY.png,lanczos,CC,0.9999999999999999
./assets/standard_test_images/chessboard_GRAY.png,linear,CC,0.9999999999999999
./assets/standard_test_images/chessboard_GRAY.png,nearest,CC,0.9999999999999999
./assets/standard_test_images/chessboard_GRAY.png,benchmark_custom,LMSE,0.0
./assets/standard_test_images/chessboard_GRAY.png,benchmark,LMSE,0.0
./assets/standard_test_images/chessboard_GRAY.png,bicubic,LMSE,0.0
./assets/standard_test_images/chessboard_GRAY.png,dlr,LMSE,74.076
./assets/standard_test_images/chessboard_GRAY.png,lanczos,LMSE,0.0
./assets/standard_test_images/chessboard_GRAY.png,linear,LMSE,0.0
./assets/standard_test_images/chessboard_GRAY.png,nearest,LMSE,0.0
./assets/standard_test_images/chessboard_GRAY.png,benchmark_custom,MSE,0.0
./assets/standard_test_images/chessboard_GRAY.png,benchmark,MSE,0.0
./assets/standard_test_images/chessboard_GRAY.png,bicubic,MSE,0.0
./assets/standard_test_images/chessboard_GRAY.png,dlr,MSE,11.7426
./assets/standard_test_images/chessboard_GRAY.png,lanczos,MSE,0.0
./assets/standard_test_images/chessboard_GRAY.png,linear,MSE,0.0
./assets/standard_test_images/chessboard_GRAY.png,nearest,MSE,0.0
./assets/standard_test_images/chessboard_GRAY.png,benchmark_custom,NAE,0.0
./assets/standard_test_images/chessboard_GRAY.png,benchmark,NAE,0.0
./assets/standard_test_images/chessboard_GRAY.png,bicubic,NAE,0.0
./assets/standard_test_images/chessboard_GRAY.png,dlr,NAE,0.0018894117647058823
./assets/standard_test_images/chessboard_GRAY.png,lanczos,NAE,0.0
./assets/standard_test_images/chessboard_GRAY.png,linear,NAE,0.0
./assets/standard_test_images/chessboard_GRAY.png,nearest,NAE,0.0
./assets/standard_test_images/chessboard_GRAY.png,benchmark_custom,PSNR,361.20199909921956
./assets/standard_test_images/chessboard_GRAY.png,benchmark,PSNR,361.20199909921956
./assets/standard_test_images/chessboard_GRAY.png,bicubic,PSNR,361.20199909921956
./assets/standard_test_images/chessboard_GRAY.png,dlr,PSNR,37.43316093544387
./assets/standard_test_images/chessboard_GRAY.png,lanczos,PSNR,361.20199909921956
./assets/standard_test_images/chessboard_GRAY.png,linear,PSNR,361.20199909921956
./assets/standard_test_images/chessboard_GRAY.png,nearest,PSNR,361.20199909921956
./assets/standard_test_images/chessboard_GRAY.png,benchmark_custom,RE,0.0
./assets/standard_test_images/chessboard_GRAY.png,benchmark,RE,0.0
./assets/standard_test_images/chessboard_GRAY.png,bicubic,RE,0.0
./assets/standard_test_images/chessboard_GRAY.png,dlr,RE,0.005019607843137255
./assets/standard_test_images/chessboard_GRAY.png,lanczos,RE,0.0
./assets/standard_test_images/chessboard_GRAY.png,linear,RE,0.0
./assets/standard_test_images/chessboard_GRAY.png,nearest,RE,0.0
./assets/standard_test_images/chessboard_GRAY.png,benchmark_custom,SSIM,1.0
./assets/standard_test_images/chessboard_GRAY.png,benchmark,SSIM,1.0
./assets/standard_test_images/chessboard_GRAY.png,bicubic,SSIM,1.0
./assets/standard_test_images/chessboard_GRAY.png,dlr,SSIM,0.9943796118770584
./assets/standard_test_images/chessboard_GRAY.png,lanczos,SSIM,1.0
./assets/standard_test_images/chessboard_GRAY.png,linear,SSIM,1.0
./assets/standard_test_images/chessboard_GRAY.png,nearest,SSIM,1.0
